1;49636;0.5922739;-1.112673;<class 'int'>;<class 'int'>;False
2;86;0.8203444;-1.408765;<class 'int'>;<class 'int'>;False
3;584;0.9713923;-2.159027;<class 'int'>;<class 'int'>;False
4;67;1.104863;-2.318535;<class 'int'>;<class 'int'>;False
5;602;0.7921102;-2.552348;<class 'int'>;<class 'int'>;False
6;67;0.5859001;-2.84698;<class 'int'>;<class 'int'>;False
7;603;0.589618;-3.100371;<class 'int'>;<class 'int'>;False
8;66;0.4979963;-2.755371;<class 'int'>;<class 'int'>;False
9;603;0.8341531;-3.588732;<class 'int'>;<class 'int'>;False
10;73;1.24488;-3.864529;<class 'int'>;<class 'int'>;False
11;598;1.476808;-4.240908;<class 'int'>;<class 'int'>;False
12;67;1.467342;-4.321371;<class 'int'>;<class 'int'>;False
13;602;1.286776;-4.416584;<class 'int'>;<class 'int'>;False
14;68;1.229126;-4.902964;<class 'int'>;<class 'int'>;False
15;604;1.048581;-5.023283;<class 'int'>;<class 'int'>;False
16;67;0.8740453;-4.504243;<class 'int'>;<class 'int'>;False
17;539;1.475968;-5.471121;<class 'int'>;<class 'int'>;False
18;597;1.610526;-6.064982;<class 'int'>;<class 'int'>;False
19;598;1.349998;-6.506697;<class 'int'>;<class 'int'>;False
20;599;1.418872;-6.291722;<class 'int'>;<class 'int'>;False
21;598;0.8699444;-6.305268;<class 'int'>;<class 'int'>;False
22;661;1.518151;-5.934921;<class 'int'>;<class 'int'>;False
23;67;1.83364;-6.00695;<class 'int'>;<class 'int'>;False
24;603;1.671312;-5.92856;<class 'int'>;<class 'int'>;False
25;66;1.803208;-6.153282;<class 'int'>;<class 'int'>;False
26;603;1.717887;-6.093983;<class 'int'>;<class 'int'>;False
27;73;1.698208;-5.858144;<class 'int'>;<class 'int'>;False
28;597;1.734045;-5.649684;<class 'int'>;<class 'int'>;False
29;66;1.526705;-5.580806;<class 'int'>;<class 'int'>;False
30;604;0.9089489;-5.117432;<class 'int'>;<class 'int'>;False
31;67;0.817428;-5.172177;<class 'int'>;<class 'int'>;False
32;603;0.9326626;-5.816966;<class 'int'>;<class 'int'>;False
33;67;0.9890562;-5.788931;<class 'int'>;<class 'int'>;False
34;539;1.242766;-6.095441;<class 'int'>;<class 'int'>;False
35;662;0.8213998;-6.005804;<class 'int'>;<class 'int'>;False
36;72;1.620052;-6.424497;<class 'int'>;<class 'int'>;False
37;597;1.723124;-6.12767;<class 'int'>;<class 'int'>;False
38;67;1.569933;-6.37545;<class 'int'>;<class 'int'>;False
39;603;1.685492;-6.387246;<class 'int'>;<class 'int'>;False
40;66;1.741329;-6.877084;<class 'int'>;<class 'int'>;False
41;603;1.490561;-6.965718;<class 'int'>;<class 'int'>;False
42;68;1.229152;-6.058316;<class 'int'>;<class 'int'>;False
43;602;1.003648;-6.372809;<class 'int'>;<class 'int'>;False
44;72;1.001989;-6.401787;<class 'int'>;<class 'int'>;False
45;599;1.19876;-6.596399;<class 'int'>;<class 'int'>;False
46;68;1.500039;-5.750715;<class 'int'>;<class 'int'>;False
47;557;1.384955;-5.496829;<class 'int'>;<class 'int'>;False
48;663;1.266592;-6.338244;<class 'int'>;<class 'int'>;False
49;67;1.182301;-6.770203;<class 'int'>;<class 'int'>;False
50;538;1.299208;-6.842895;<class 'int'>;<class 'int'>;False
51;600;1.504756;-6.420483;<class 'int'>;<class 'int'>;False
52;662;1.175227;-6.801635;<class 'int'>;<class 'int'>;False
53;72;1.120346;-6.411864;<class 'int'>;<class 'int'>;False
54;533;1.385976;-6.766116;<class 'int'>;<class 'int'>;False
55;598;1.227853;-6.587187;<class 'int'>;<class 'int'>;False
56;662;1.552982;-6.510436;<class 'int'>;<class 'int'>;False
57;67;1.536659;-6.626907;<class 'int'>;<class 'int'>;False
58;538;0.945134;-6.782326;<class 'int'>;<class 'int'>;False
59;599;0.7769131;-6.880985;<class 'int'>;<class 'int'>;False
60;586;1.555032;-6.864028;<class 'int'>;<class 'int'>;False
61;588;1.085659;-6.419058;<class 'int'>;<class 'int'>;False
62;619;1.328745;-6.479174;<class 'int'>;<class 'int'>;False
63;598;0.8283401;-6.29038;<class 'int'>;<class 'int'>;False
64;597;0.8607229;-6.530622;<class 'int'>;<class 'int'>;False
65;663;0.9398346;-6.813097;<class 'int'>;<class 'int'>;False
66;67;1.161968;-6.896394;<class 'int'>;<class 'int'>;False
67;541;1.080868;-7.066901;<class 'int'>;<class 'int'>;False
68;596;1.357705;-6.876551;<class 'int'>;<class 'int'>;False
69;598;1.213134;-6.324912;<class 'int'>;<class 'int'>;False
70;663;1.590109;-6.445549;<class 'int'>;<class 'int'>;False
71;67;1.450416;-6.696362;<class 'int'>;<class 'int'>;False
72;538;1.881367;-7.209483;<class 'int'>;<class 'int'>;False
73;598;1.880079;-6.924042;<class 'int'>;<class 'int'>;False
74;597;1.736552;-7.157475;<class 'int'>;<class 'int'>;False
75;599;1.922019;-7.033097;<class 'int'>;<class 'int'>;False
76;599;1.951034;-7.407982;<class 'int'>;<class 'int'>;False
77;598;1.963801;-7.280428;<class 'int'>;<class 'int'>;False
78;597;1.894722;-7.510463;<class 'int'>;<class 'int'>;False
79;598;1.426869;-6.72469;<class 'int'>;<class 'int'>;False
80;599;1.151425;-6.439309;<class 'int'>;<class 'int'>;False
81;662;1.055889;-6.60593;<class 'int'>;<class 'int'>;False
82;67;1.200615;-6.251782;<class 'int'>;<class 'int'>;False
83;538;1.389669;-6.522946;<class 'int'>;<class 'int'>;False
84;598;1.256676;-6.113603;<class 'int'>;<class 'int'>;False
85;661;1.095189;-6.483906;<class 'int'>;<class 'int'>;False
86;67;0.7992064;-5.848554;<class 'int'>;<class 'int'>;False
87;603;1.444873;-6.292274;<class 'int'>;<class 'int'>;False
88;67;1.494562;-6.185703;<class 'int'>;<class 'int'>;False
89;541;1.682304;-6.624325;<class 'int'>;<class 'int'>;False
90;660;0.8219882;-6.971581;<class 'int'>;<class 'int'>;False
91;67;0.9743055;-6.681671;<class 'int'>;<class 'int'>;False
92;603;1.789466;-6.706696;<class 'int'>;<class 'int'>;False
93;68;1.681052;-6.705557;<class 'int'>;<class 'int'>;False
94;602;1.6725;-6.751895;<class 'int'>;<class 'int'>;False
95;67;1.723052;-6.915631;<class 'int'>;<class 'int'>;False
96;602;2.010257;-7.097112;<class 'int'>;<class 'int'>;False
97;68;2.10536;-7.123767;<class 'int'>;<class 'int'>;False
98;604;1.968402;-6.683475;<class 'int'>;<class 'int'>;False
99;67;1.95059;-6.822422;<class 'int'>;<class 'int'>;False
100;600;1.673824;-6.588925;<class 'int'>;<class 'int'>;False
101;68;1.842706;-6.752116;<class 'int'>;<class 'int'>;False
102;539;1.306296;-6.498065;<class 'int'>;<class 'int'>;False
103;588;1.274724;-6.109434;<class 'int'>;<class 'int'>;False
104;597;0.8351157;-5.714411;<class 'int'>;<class 'int'>;False
105;587;0.09658032;-5.831814;<class 'int'>;<class 'int'>;False
106;533;-2.297394;-5.2029;<class 'int'>;<class 'int'>;False
107;222;-1.711873;-5.226222;<class 'int'>;<class 'int'>;False
108;171;-1.553905;-5.161032;<class 'int'>;<class 'int'>;False
109;222;-1.449995;-3.876496;<class 'int'>;<class 'int'>;False
110;170;-1.487056;-3.532733;<class 'int'>;<class 'int'>;False
111;222;-1.464162;-2.918129;<class 'int'>;<class 'int'>;False
112;171;-1.78099;-1.075971;<class 'int'>;<class 'int'>;False
113;176;-1.825939;-0.4607967;<class 'int'>;<class 'int'>;False
114;222;-1.295191;-0.06737889;<class 'int'>;<class 'int'>;False
115;170;-0.6090626;-0.03559074;<class 'int'>;<class 'int'>;False
116;171;0.1321726;1.079023;<class 'int'>;<class 'int'>;False
117;222;1.707543;2.225672;<class 'int'>;<class 'int'>;False
118;178;3.214227;2.993988;<class 'int'>;<class 'int'>;False
119;223;-1.120061;5.78262;<class 'int'>;<class 'int'>;False
120;118;-2.027685;6.09225;<class 'int'>;<class 'int'>;False
121;176;0.6082259;5.799696;<class 'int'>;<class 'int'>;False
122;273;3.937843;4.965245;<class 'int'>;<class 'int'>;False
123;888;5.464518;-0.4529933;<class 'int'>;<class 'int'>;False
124;9555;-6.0169;-62.41403;<class 'int'>;<class 'int'>;False
125;621;-6.733586;-62.2963;<class 'int'>;<class 'int'>;False
126;9468;17.54366;-17.42438;<class 'int'>;<class 'int'>;False
127;631;13.72442;-11.2429;<class 'int'>;<class 'int'>;False
128;67;14.4426;-10.71509;<class 'int'>;<class 'int'>;False
129;608;15.79963;-5.940561;<class 'int'>;<class 'int'>;False
130;5537;-5.929284;3.529452;<class 'int'>;<class 'int'>;False
131;4364;2.696487;-0.6343844;<class 'int'>;<class 'int'>;False
132;651;1.288092;-0.4874474;<class 'int'>;<class 'int'>;False
133;2054;17.115;-15.23574;<class 'int'>;<class 'int'>;False
134;653;21.08431;-16.76659;<class 'int'>;<class 'int'>;False
135;2363;12.4541;-13.6914;<class 'int'>;<class 'int'>;False
136;532;9.603144;-15.01829;<class 'int'>;<class 'int'>;False
137;652;6.059636;-10.30551;<class 'int'>;<class 'int'>;False
138;88;0.9983483;-11.06332;<class 'int'>;<class 'int'>;False
139;588;4.096299;-7.947861;<class 'int'>;<class 'int'>;False
140;67;-0.200778;-4.847541;<class 'int'>;<class 'int'>;False
141;604;2.10553;-8.705981;<class 'int'>;<class 'int'>;False
142;68;3.470036;-16.45665;<class 'int'>;<class 'int'>;False
143;334;-8.097301;-12.61393;<class 'int'>;<class 'int'>;False
144;118;-9.829187;-11.65952;<class 'int'>;<class 'int'>;False
145;664;1.365466;-19.23561;<class 'int'>;<class 'int'>;False
146;383;1.845216;-18.9345;<class 'int'>;<class 'int'>;False
147;637;1.208802;-13.03869;<class 'int'>;<class 'int'>;False
148;67;1.476151;-15.64032;<class 'int'>;<class 'int'>;False
149;533;-1.198045;-6.443448;<class 'int'>;<class 'int'>;False
150;223;0.3142513;-5.826072;<class 'int'>;<class 'int'>;False
151;533;-0.4495438;-6.136159;<class 'int'>;<class 'int'>;False
152;586;-2.81979;-8.07871;<class 'int'>;<class 'int'>;False
153;617;-5.904484;-9.805228;<class 'int'>;<class 'int'>;False
154;663;-11.19745;-11.57377;<class 'int'>;<class 'int'>;False
155;2582;-2.636815;-11.01048;<class 'int'>;<class 'int'>;False
156;68;-6.136235;-13.98556;<class 'int'>;<class 'int'>;False
157;602;-2.982007;-16.03762;<class 'int'>;<class 'int'>;False
158;67;-0.4803664;-18.56766;<class 'int'>;<class 'int'>;False
159;533;1.433519;-16.8635;<class 'int'>;<class 'int'>;False
160;533;10.90405;-20.19369;<class 'int'>;<class 'int'>;False
161;614;10.1238;-21.5111;<class 'int'>;<class 'int'>;False
162;533;11.88247;-19.27559;<class 'int'>;<class 'int'>;False
163;184;12.69462;-17.13576;<class 'int'>;<class 'int'>;False
164;654;7.628882;-16.2111;<class 'int'>;<class 'int'>;False
165;66;2.135816;-15.0599;<class 'int'>;<class 'int'>;False
166;533;5.602362;-11.76377;<class 'int'>;<class 'int'>;False
167;585;8.614583;-9.58681;<class 'int'>;<class 'int'>;False
168;656;-0.1775994;-3.477065;<class 'int'>;<class 'int'>;False
169;1105;-6.348491;11.50484;<class 'int'>;<class 'int'>;False
170;626;-3.242421;7.296743;<class 'int'>;<class 'int'>;False
171;3000;4.208292;-12.95066;<class 'int'>;<class 'int'>;False
172;658;9.435858;-15.42279;<class 'int'>;<class 'int'>;False
173;429;15.08456;-15.78855;<class 'int'>;<class 'int'>;False
174;620;15.39308;-11.14837;<class 'int'>;<class 'int'>;False
175;106775;17.47165;-2.065146;<class 'int'>;<class 'int'>;False
176;626;15.45163;2.898328;<class 'int'>;<class 'int'>;False
177;222;12.95875;8.440552;<class 'int'>;<class 'int'>;False
178;594;16.5829;5.363097;<class 'int'>;<class 'int'>;False
179;377;18.97565;4.738863;<class 'int'>;<class 'int'>;False
180;622;16.98656;-0.4117913;<class 'int'>;<class 'int'>;False
181;661;15.37083;-0.7707424;<class 'int'>;<class 'int'>;False
182;119;15.97773;-6.57271;<class 'int'>;<class 'int'>;False
183;653;10.53448;-4.775572;<class 'int'>;<class 'int'>;False
184;584;16.01234;-7.934135;<class 'int'>;<class 'int'>;False
185;627;16.52961;-11.60375;<class 'int'>;<class 'int'>;False
186;689;11.69052;-14.17487;<class 'int'>;<class 'int'>;False
187;663;17.80009;-15.33526;<class 'int'>;<class 'int'>;False
188;435;19.39528;-9.120626;<class 'int'>;<class 'int'>;False
189;634;10.8101;-6.314542;<class 'int'>;<class 'int'>;False
190;430;3.056745;-2.195692;<class 'int'>;<class 'int'>;False
191;585;12.08837;-10.11308;<class 'int'>;<class 'int'>;False
192;653;8.843893;-3.413166;<class 'int'>;<class 'int'>;False
193;170;12.35712;-4.428284;<class 'int'>;<class 'int'>;False
194;599;9.693644;-6.889951;<class 'int'>;<class 'int'>;False
195;602;7.615053;-5.496035;<class 'int'>;<class 'int'>;False
196;533;9.272091;-14.05593;<class 'int'>;<class 'int'>;False
197;540;8.629979;-12.43489;<class 'int'>;<class 'int'>;False
198;533;11.51871;-18.98322;<class 'int'>;<class 'int'>;False
199;170;9.197966;-20.17753;<class 'int'>;<class 'int'>;False
200;584;6.694236;-18.61603;<class 'int'>;<class 'int'>;False
201;586;6.305411;-17.20554;<class 'int'>;<class 'int'>;False
202;663;16.19907;-23.73199;<class 'int'>;<class 'int'>;False
203;274;17.72439;-23.71459;<class 'int'>;<class 'int'>;False
204;274;16.71856;-25.7265;<class 'int'>;<class 'int'>;False
205;653;9.660668;-26.74353;<class 'int'>;<class 'int'>;False
206;585;9.226087;-23.53322;<class 'int'>;<class 'int'>;False
207;634;8.242874;-19.25047;<class 'int'>;<class 'int'>;False
208;752;16.8409;-15.78589;<class 'int'>;<class 'int'>;False
209;436;13.13582;-19.87462;<class 'int'>;<class 'int'>;False
210;652;9.372119;-11.7337;<class 'int'>;<class 'int'>;False
211;753;1.236621;-3.092441;<class 'int'>;<class 'int'>;False
212;1106;2.361903;-3.920664;<class 'int'>;<class 'int'>;False
213;602;5.93907;-7.661995;<class 'int'>;<class 'int'>;False
214;627;8.257644;-5.751749;<class 'int'>;<class 'int'>;False
215;222;3.784606;-1.09706;<class 'int'>;<class 'int'>;False
216;585;6.552093;-7.246307;<class 'int'>;<class 'int'>;False
217;533;3.464842;-2.653395;<class 'int'>;<class 'int'>;False
218;273;3.191411;-0.4104745;<class 'int'>;<class 'int'>;False
219;223;-0.03039181;3.757919;<class 'int'>;<class 'int'>;False
220;170;-3.095297;4.89449;<class 'int'>;<class 'int'>;False
221;222;1.857655;1.360318;<class 'int'>;<class 'int'>;False
222;280;-1.955808;9.418175;<class 'int'>;<class 'int'>;False
223;481;-1.082878;7.886218;<class 'int'>;<class 'int'>;False
224;119;-0.901498;4.743484;<class 'int'>;<class 'int'>;False
225;221;0.5550189;6.47792;<class 'int'>;<class 'int'>;False
226;378;3.203091;7.042693;<class 'int'>;<class 'int'>;False
227;585;-0.3382457;5.509589;<class 'int'>;<class 'int'>;False
228;533;1.670849;-0.008581906;<class 'int'>;<class 'int'>;False
229;118;0.8787117;-0.4039289;<class 'int'>;<class 'int'>;False
230;228;1.051013;-0.760745;<class 'int'>;<class 'int'>;False
231;118;3.083631;-3.206708;<class 'int'>;<class 'int'>;False
232;274;0.8797794;-1.988191;<class 'int'>;<class 'int'>;False
233;118;2.01682;-2.798037;<class 'int'>;<class 'int'>;False
234;223;4.063558;-5.29919;<class 'int'>;<class 'int'>;False
235;118;6.847175;-5.125908;<class 'int'>;<class 'int'>;False
236;385;7.864086;-4.885958;<class 'int'>;<class 'int'>;False
237;274;3.458475;-3.635609;<class 'int'>;<class 'int'>;False
238;326;3.513292;0.449969;<class 'int'>;<class 'int'>;False
239;124;2.354035;0.2675406;<class 'int'>;<class 'int'>;False
240;171;-1.786935;3.673406;<class 'int'>;<class 'int'>;False
241;222;-3.00776;2.95369;<class 'int'>;<class 'int'>;False
242;533;-5.102901;5.511176;<class 'int'>;<class 'int'>;False
243;118;-2.199614;4.47462;<class 'int'>;<class 'int'>;False
244;222;-1.447675;1.64508;<class 'int'>;<class 'int'>;False
245;585;3.039064;2.813954;<class 'int'>;<class 'int'>;False
246;118;2.868209;1.933761;<class 'int'>;<class 'int'>;False
247;229;4.425656;-0.6666138;<class 'int'>;<class 'int'>;False
248;274;3.011715;-1.281101;<class 'int'>;<class 'int'>;False
249;637;2.842302;-0.1935376;<class 'int'>;<class 'int'>;False
250;688;2.904492;-2.931327;<class 'int'>;<class 'int'>;False
251;170;2.378282;-2.76626;<class 'int'>;<class 'int'>;False
252;533;2.096456;-6.388764;<class 'int'>;<class 'int'>;False
253;171;-1.681279;-1.858371;<class 'int'>;<class 'int'>;False
254;8102;0.5255476;-18.92021;<class 'int'>;<class 'int'>;False
255;228;0.5688557;-18.90744;<class 'int'>;<class 'int'>;False
256;171;-1.448131;-18.00565;<class 'int'>;<class 'int'>;False
257;274;-0.669559;-16.97571;<class 'int'>;<class 'int'>;False
258;170;-0.5552606;-16.5559;<class 'int'>;<class 'int'>;False
259;223;-1.076065;-15.66207;<class 'int'>;<class 'int'>;False
260;1879;-1.854368;-7.559255;<class 'int'>;<class 'int'>;False
261;4624;2.809405;-6.918861;<class 'int'>;<class 'int'>;False
262;222;1.649118;-3.809481;<class 'int'>;<class 'int'>;False
263;222;4.185591;-5.732346;<class 'int'>;<class 'int'>;False
264;176;6.899258;-8.242769;<class 'int'>;<class 'int'>;False
265;170;6.741703;-6.338192;<class 'int'>;<class 'int'>;False
266;223;3.025805;-2.620772;<class 'int'>;<class 'int'>;False
267;179;2.933681;-2.423016;<class 'int'>;<class 'int'>;False
268;170;1.668244;-2.258158;<class 'int'>;<class 'int'>;False
269;533;3.057705;-3.132976;<class 'int'>;<class 'int'>;False
270;646;3.595978;-1.893674;<class 'int'>;<class 'int'>;False
271;274;3.705441;-0.6925557;<class 'int'>;<class 'int'>;False
272;656;3.284262;-0.2400634;<class 'int'>;<class 'int'>;False
273;752;1.41944;-3.011567;<class 'int'>;<class 'int'>;False
274;7103;0.5950091;-15.02356;<class 'int'>;<class 'int'>;False
275;662;15.57404;-12.3704;<class 'int'>;<class 'int'>;False
276;222;24.00704;-14.66745;<class 'int'>;<class 'int'>;False
277;622;28.72215;-16.38307;<class 'int'>;<class 'int'>;False
278;223;28.26724;-15.21744;<class 'int'>;<class 'int'>;False
279;585;22.11526;-10.83409;<class 'int'>;<class 'int'>;False
280;625;20.59227;-13.22072;<class 'int'>;<class 'int'>;False
281;67;20.0202;-11.57157;<class 'int'>;<class 'int'>;False
282;533;15.10452;-12.32882;<class 'int'>;<class 'int'>;False
283;222;14.09696;-11.55179;<class 'int'>;<class 'int'>;False
284;585;12.28653;-11.98203;<class 'int'>;<class 'int'>;False
285;326;8.92412;-10.34632;<class 'int'>;<class 'int'>;False
286;171;7.361581;-9.814538;<class 'int'>;<class 'int'>;False
287;584;4.562308;-9.607309;<class 'int'>;<class 'int'>;False
288;481;4.686825;-8.250873;<class 'int'>;<class 'int'>;False
289;228;5.457543;-8.672376;<class 'int'>;<class 'int'>;False
290;171;4.162473;-9.830037;<class 'int'>;<class 'int'>;False
291;533;2.895142;-9.237567;<class 'int'>;<class 'int'>;False
292;533;2.544239;-8.495522;<class 'int'>;<class 'int'>;False
293;533;1.650287;-8.003129;<class 'int'>;<class 'int'>;False
294;222;2.110561;-8.526543;<class 'int'>;<class 'int'>;False
295;171;0.7050551;-7.68602;<class 'int'>;<class 'int'>;False
296;171;-0.926223;-7.079192;<class 'int'>;<class 'int'>;False
297;280;-3.536393;-6.774263;<class 'int'>;<class 'int'>;False
298;481;1.417262;-12.53575;<class 'int'>;<class 'int'>;False
299;170;4.132526;-11.61031;<class 'int'>;<class 'int'>;False
300;4269;9.815026;-14.47422;<class 'int'>;<class 'int'>;False
301;171;6.131423;-7.096165;<class 'int'>;<class 'int'>;False
302;1155;1.136286;-4.784709;<class 'int'>;<class 'int'>;False
303;688;1.276139;-6.043557;<class 'int'>;<class 'int'>;False
304;4417;15.95714;3.664109;<class 'int'>;<class 'int'>;False
305;10848;11.11527;-9.943654;<class 'int'>;<class 'int'>;False
306;175;9.756699;-9.718405;<class 'int'>;<class 'int'>;False
307;8380;6.766147;-3.847283;<class 'int'>;<class 'int'>;False
308;118;6.66567;-4.388509;<class 'int'>;<class 'int'>;False
309;274;6.334177;-5.372731;<class 'int'>;<class 'int'>;False
310;222;6.131554;-5.907001;<class 'int'>;<class 'int'>;False
311;171;6.091373;-6.529992;<class 'int'>;<class 'int'>;False
312;1465;4.075677;-6.376137;<class 'int'>;<class 'int'>;False
313;118;4.194818;-6.12957;<class 'int'>;<class 'int'>;False
314;693;4.258158;-10.30915;<class 'int'>;<class 'int'>;False
315;170;3.473185;-11.78191;<class 'int'>;<class 'int'>;False
316;661;-1.544232;-12.92156;<class 'int'>;<class 'int'>;False
317;170;-4.560352;-7.447309;<class 'int'>;<class 'int'>;False
318;660;-2.237881;-8.704548;<class 'int'>;<class 'int'>;False
319;170;-0.09974948;-10.32051;<class 'int'>;<class 'int'>;False
320;275;-1.135538;-11.98181;<class 'int'>;<class 'int'>;False
321;274;-1.544448;-11.64045;<class 'int'>;<class 'int'>;False
322;279;-2.903234;-10.84425;<class 'int'>;<class 'int'>;False
323;639;-5.240469;-11.84216;<class 'int'>;<class 'int'>;False
324;67;-3.100857;-15.67644;<class 'int'>;<class 'int'>;False
325;540;-2.190234;-7.803877;<class 'int'>;<class 'int'>;False
326;636;5.823405;-9.680007;<class 'int'>;<class 'int'>;False
327;793;4.567052;-8.11066;<class 'int'>;<class 'int'>;False
328;429;6.515659;-7.418798;<class 'int'>;<class 'int'>;False
329;222;5.815242;-7.231426;<class 'int'>;<class 'int'>;False
330;2717;1.230169;-5.922004;<class 'int'>;<class 'int'>;False
331;538;2.326631;-11.27005;<class 'int'>;<class 'int'>;False
332;326;3.363202;-13.13913;<class 'int'>;<class 'int'>;False
333;948;3.810989;-13.99204;<class 'int'>;<class 'int'>;False
334;481;6.476166;-13.80651;<class 'int'>;<class 'int'>;False
335;584;9.926266;-20.65353;<class 'int'>;<class 'int'>;False
336;2242;15.56176;-11.35493;<class 'int'>;<class 'int'>;False
337;170;14.08077;-10.82639;<class 'int'>;<class 'int'>;False
338;171;12.7004;-11.07072;<class 'int'>;<class 'int'>;False
339;487;11.31244;-10.67518;<class 'int'>;<class 'int'>;False
340;170;9.624123;-7.849996;<class 'int'>;<class 'int'>;False
341;170;8.307988;-9.034299;<class 'int'>;<class 'int'>;False
342;170;7.604671;-10.0576;<class 'int'>;<class 'int'>;False
343;118;7.816706;-12.39494;<class 'int'>;<class 'int'>;False
344;171;9.567753;-13.9592;<class 'int'>;<class 'int'>;False
345;119;9.323082;-13.87051;<class 'int'>;<class 'int'>;False
346;118;8.309658;-10.49279;<class 'int'>;<class 'int'>;False
347;1789;4.499701;-8.500152;<class 'int'>;<class 'int'>;False
348;171;4.456275;-8.254054;<class 'int'>;<class 'int'>;False
349;274;3.625049;-7.839347;<class 'int'>;<class 'int'>;False
350;1258;1.632935;-2.692879;<class 'int'>;<class 'int'>;False
351;895;2.425522;-4.99628;<class 'int'>;<class 'int'>;False
352;274;3.267925;-7.864897;<class 'int'>;<class 'int'>;False
353;118;-0.1176479;-7.07358;<class 'int'>;<class 'int'>;False
354;1051;-2.777678;-6.41841;<class 'int'>;<class 'int'>;False
355;429;-2.445735;-8.833105;<class 'int'>;<class 'int'>;False
356;279;-2.806151;-9.3858;<class 'int'>;<class 'int'>;False
357;430;-1.246235;-10.26737;<class 'int'>;<class 'int'>;False
358;1205;-4.355906;-7.359806;<class 'int'>;<class 'int'>;False
359;223;-3.711246;-8.541848;<class 'int'>;<class 'int'>;False
360;118;-2.60276;-8.452708;<class 'int'>;<class 'int'>;False
361;171;-1.779892;-9.381371;<class 'int'>;<class 'int'>;False
362;222;-3.487127;-6.674131;<class 'int'>;<class 'int'>;False
363;273;-0.9186678;-10.37751;<class 'int'>;<class 'int'>;False
364;280;0.5813131;-11.88021;<class 'int'>;<class 'int'>;False
365;119;-0.06936887;-11.90973;<class 'int'>;<class 'int'>;False
366;222;1.228708;-12.49499;<class 'int'>;<class 'int'>;False
367;118;2.620831;-12.9143;<class 'int'>;<class 'int'>;False
368;170;3.927453;-13.48461;<class 'int'>;<class 'int'>;False
369;119;3.765107;-12.7794;<class 'int'>;<class 'int'>;False
370;118;2.082352;-11.06863;<class 'int'>;<class 'int'>;False
371;118;1.738987;-12.13415;<class 'int'>;<class 'int'>;False
372;125;1.54617;-11.71866;<class 'int'>;<class 'int'>;False
373;273;0.7988617;-9.81319;<class 'int'>;<class 'int'>;False
374;128;1.594417;-8.559708;<class 'int'>;<class 'int'>;False
375;118;1.454268;-8.570904;<class 'int'>;<class 'int'>;False
376;118;1.51782;-8.674443;<class 'int'>;<class 'int'>;False
377;170;0.7412463;-9.629899;<class 'int'>;<class 'int'>;False
378;120;-0.7769091;-7.776585;<class 'int'>;<class 'int'>;False
379;170;-0.2100552;-8.093781;<class 'int'>;<class 'int'>;False
380;222;-1.558034;-8.275259;<class 'int'>;<class 'int'>;False
381;176;-0.5887015;-9.40938;<class 'int'>;<class 'int'>;False
382;223;0.61082;-10.9824;<class 'int'>;<class 'int'>;False
383;481;1.389001;-12.30587;<class 'int'>;<class 'int'>;False
384;533;1.600462;-12.36287;<class 'int'>;<class 'int'>;False
385;534;0.8756997;-12.00605;<class 'int'>;<class 'int'>;False
386;533;-0.573193;-9.871016;<class 'int'>;<class 'int'>;False
387;481;0.5808865;-10.00691;<class 'int'>;<class 'int'>;False
388;222;1.20727;-10.2163;<class 'int'>;<class 'int'>;False
389;176;0.6608219;-11.21689;<class 'int'>;<class 'int'>;False
390;223;-0.5764537;-8.617609;<class 'int'>;<class 'int'>;False
391;171;-0.1029301;-10.25607;<class 'int'>;<class 'int'>;False
392;532;0.1390834;-11.66697;<class 'int'>;<class 'int'>;False
393;170;0.645324;-11.61651;<class 'int'>;<class 'int'>;False
394;223;0.9531099;-11.55808;<class 'int'>;<class 'int'>;False
395;170;1.444512;-11.60252;<class 'int'>;<class 'int'>;False
396;222;1.986247;-11.35492;<class 'int'>;<class 'int'>;False
397;175;2.246398;-10.53493;<class 'int'>;<class 'int'>;False
398;223;2.347545;-10.73012;<class 'int'>;<class 'int'>;False
399;171;2.141911;-10.54108;<class 'int'>;<class 'int'>;False
400;170;1.579706;-10.1437;<class 'int'>;<class 'int'>;False
401;222;0.9746553;-9.954765;<class 'int'>;<class 'int'>;False
402;171;1.131143;-10.09263;<class 'int'>;<class 'int'>;False
403;429;1.580497;-7.922873;<class 'int'>;<class 'int'>;False
404;222;-2.160698;-6.130375;<class 'int'>;<class 'int'>;False
405;171;-0.3093855;-6.392993;<class 'int'>;<class 'int'>;False
406;709;1.276599;-6.334849;<class 'int'>;<class 'int'>;False
407;334;7.806974;-7.689735;<class 'int'>;<class 'int'>;False
408;1517;8.590153;-7.897698;<class 'int'>;<class 'int'>;False
409;896;13.77672;-11.21303;<class 'int'>;<class 'int'>;False
410;221;6.356006;-10.04646;<class 'int'>;<class 'int'>;False
411;119;7.846622;-10.20022;<class 'int'>;<class 'int'>;False
412;274;9.930402;-18.00983;<class 'int'>;<class 'int'>;False
413;170;9.141705;-14.33481;<class 'int'>;<class 'int'>;False
414;539;11.84985;-6.141886;<class 'int'>;<class 'int'>;False
415;533;11.17698;-4.600968;<class 'int'>;<class 'int'>;False
416;274;12.23788;-5.485318;<class 'int'>;<class 'int'>;False
417;623;13.55765;-8.431465;<class 'int'>;<class 'int'>;False
418;481;9.950036;-4.651513;<class 'int'>;<class 'int'>;False
419;650;9.870805;-6.637915;<class 'int'>;<class 'int'>;False
420;753;8.814911;2.231202;<class 'int'>;<class 'int'>;False
421;3390;2.620945;-8.301721;<class 'int'>;<class 'int'>;False
422;632;-0.121784;-7.189808;<class 'int'>;<class 'int'>;False
423;489;-0.6945145;-5.30231;<class 'int'>;<class 'int'>;False
424;605;2.721;-6.537673;<class 'int'>;<class 'int'>;False
425;430;7.561469;-7.359507;<class 'int'>;<class 'int'>;False
426;648;7.980888;-6.771259;<class 'int'>;<class 'int'>;False
427;170;7.227187;-8.323672;<class 'int'>;<class 'int'>;False
428;660;6.431591;-7.033732;<class 'int'>;<class 'int'>;False
429;223;6.367575;-8.998496;<class 'int'>;<class 'int'>;False
430;661;4.751112;-3.175362;<class 'int'>;<class 'int'>;False
431;177;4.532316;-4.376114;<class 'int'>;<class 'int'>;False
432;585;2.420848;-1.700552;<class 'int'>;<class 'int'>;False
433;663;-3.26636;-1.421452;<class 'int'>;<class 'int'>;False
434;170;-5.602718;1.408173;<class 'int'>;<class 'int'>;False
435;634;-0.4068316;0.3347443;<class 'int'>;<class 'int'>;False
436;663;2.683131;-0.1171644;<class 'int'>;<class 'int'>;False
437;67;6.48124;0.2167012;<class 'int'>;<class 'int'>;False
438;533;8.57019;-3.990971;<class 'int'>;<class 'int'>;False
439;228;12.39509;-6.472029;<class 'int'>;<class 'int'>;False
440;222;8.89299;-3.100703;<class 'int'>;<class 'int'>;False
441;585;8.66233;-4.712441;<class 'int'>;<class 'int'>;False
442;584;11.10383;-6.246203;<class 'int'>;<class 'int'>;False
443;171;13.12207;-7.359704;<class 'int'>;<class 'int'>;False
444;171;16.7968;-8.712868;<class 'int'>;<class 'int'>;False
445;222;16.67013;-9.731618;<class 'int'>;<class 'int'>;False
446;481;17.57069;-8.595708;<class 'int'>;<class 'int'>;False
447;171;15.5409;-8.178417;<class 'int'>;<class 'int'>;False
448;486;16.95317;-10.73143;<class 'int'>;<class 'int'>;False
449;283;11.44951;-6.347245;<class 'int'>;<class 'int'>;False
450;895;6.80358;-2.8905;<class 'int'>;<class 'int'>;False
451;1362;11.98977;-2.43539;<class 'int'>;<class 'int'>;False
452;222;13.2531;-2.941187;<class 'int'>;<class 'int'>;False
453;119;13.45747;-3.011788;<class 'int'>;<class 'int'>;False
454;222;17.4093;-2.628557;<class 'int'>;<class 'int'>;False
455;171;18.52555;-3.941055;<class 'int'>;<class 'int'>;False
456;176;18.42177;-3.896237;<class 'int'>;<class 'int'>;False
457;481;5.789487;-7.999573;<class 'int'>;<class 'int'>;False
458;619;6.369239;-8.547638;<class 'int'>;<class 'int'>;False
459;170;7.539611;-8.661955;<class 'int'>;<class 'int'>;False
460;633;12.68636;-8.902263;<class 'int'>;<class 'int'>;False
461;533;18.99353;-7.4881;<class 'int'>;<class 'int'>;False
462;222;17.17943;-6.368703;<class 'int'>;<class 'int'>;False
463;429;14.42664;-4.493119;<class 'int'>;<class 'int'>;False
464;429;16.8769;-6.06999;<class 'int'>;<class 'int'>;False
465;229;18.22456;-5.852375;<class 'int'>;<class 'int'>;False
466;378;16.40805;-4.859082;<class 'int'>;<class 'int'>;False
467;170;10.72511;0.9547168;<class 'int'>;<class 'int'>;False
468;171;9.79741;-0.8756607;<class 'int'>;<class 'int'>;False
469;170;6.844549;-1.224002;<class 'int'>;<class 'int'>;False
470;533;5.82232;2.454377;<class 'int'>;<class 'int'>;False
471;222;7.875681;4.610878;<class 'int'>;<class 'int'>;False
472;171;6.13831;8.722892;<class 'int'>;<class 'int'>;False
473;332;0.02625754;8.970452;<class 'int'>;<class 'int'>;False
474;481;-7.004286;12.15492;<class 'int'>;<class 'int'>;False
475;489;-8.821532;6.120625;<class 'int'>;<class 'int'>;False
476;657;-13.29178;11.45431;<class 'int'>;<class 'int'>;False
477;752;-25.39109;7.294921;<class 'int'>;<class 'int'>;False
478;2074;-9.282825;6.315281;<class 'int'>;<class 'int'>;False
479;274;-10.15957;8.257225;<class 'int'>;<class 'int'>;False
480;733;-7.467793;18.54602;<class 'int'>;<class 'int'>;False
481;751;33.02521;16.68829;<class 'int'>;<class 'int'>;False
482;9116;-0.8298053;-0.5715585;<class 'int'>;<class 'int'>;False
483;656;16.0786;-4.93088;<class 'int'>;<class 'int'>;False
484;661;37.96972;-5.975214;<class 'int'>;<class 'int'>;False
485;222;36.96471;-1.705022;<class 'int'>;<class 'int'>;False
486;618;35.55743;1.784647;<class 'int'>;<class 'int'>;False
487;643;29.87671;9.951155;<class 'int'>;<class 'int'>;False
488;223;26.46155;15.61479;<class 'int'>;<class 'int'>;False
489;377;23.66178;19.54509;<class 'int'>;<class 'int'>;False
490;177;25.0225;17.8163;<class 'int'>;<class 'int'>;False
491;118;24.96578;18.82067;<class 'int'>;<class 'int'>;False
492;171;23.54281;21.6246;<class 'int'>;<class 'int'>;False
493;429;17.25455;26.83213;<class 'int'>;<class 'int'>;False
494;222;16.59321;30.8089;<class 'int'>;<class 'int'>;False
495;430;20.52691;27.04153;<class 'int'>;<class 'int'>;False
496;170;21.94159;27.74122;<class 'int'>;<class 'int'>;False
497;170;24.64083;24.80156;<class 'int'>;<class 'int'>;False
498;227;23.67538;33.21882;<class 'int'>;<class 'int'>;False
499;481;16.22446;39.13584;<class 'int'>;<class 'int'>;False
500;222;9.462673;43.94111;<class 'int'>;<class 'int'>;False
501;533;-3.182778;44.72498;<class 'int'>;<class 'int'>;False
502;481;-4.756896;38.86046;<class 'int'>;<class 'int'>;False
503;651;-16.42938;43.05614;<class 'int'>;<class 'int'>;False
504;751;-13.15167;41.20793;<class 'int'>;<class 'int'>;False
505;6813;19.81295;30.89803;<class 'int'>;<class 'int'>;False
506;752;0.8202773;33.81314;<class 'int'>;<class 'int'>;False
507;2903;-13.26277;21.86508;<class 'int'>;<class 'int'>;False
508;171;-17.37092;27.99986;<class 'int'>;<class 'int'>;False
509;378;-1.369742;17.17579;<class 'int'>;<class 'int'>;False
510;642;-9.979178;24.83347;<class 'int'>;<class 'int'>;False
511;752;13.11717;38.95072;<class 'int'>;<class 'int'>;False
512;33013;4.12971;6.537146;<class 'int'>;<class 'int'>;False
513;754;23.70051;1.855932;<class 'int'>;<class 'int'>;False
514;2148;4.71083;22.22524;<class 'int'>;<class 'int'>;False
515;133;-0.6827977;25.64204;<class 'int'>;<class 'int'>;False
516;429;-7.786373;23.42062;<class 'int'>;<class 'int'>;False
517;616;1.139279;8.933677;<class 'int'>;<class 'int'>;False
518;119;3.674006;7.603008;<class 'int'>;<class 'int'>;False
519;377;3.074981;5.02985;<class 'int'>;<class 'int'>;False
520;378;0.8938233;0.2727053;<class 'int'>;<class 'int'>;False
521;274;-0.2760971;3.825596;<class 'int'>;<class 'int'>;False
522;274;-2.746929;2.458589;<class 'int'>;<class 'int'>;False
523;171;-4.732456;5.800532;<class 'int'>;<class 'int'>;False
524;331;-9.538025;6.018132;<class 'int'>;<class 'int'>;False
525;378;-14.93914;19.71952;<class 'int'>;<class 'int'>;False
526;273;-15.54032;20.0527;<class 'int'>;<class 'int'>;False
527;171;-18.47879;22.32009;<class 'int'>;<class 'int'>;False
528;378;-18.11376;20.15358;<class 'int'>;<class 'int'>;False
529;378;-13.1936;15.20045;<class 'int'>;<class 'int'>;False
530;273;-15.26667;14.6715;<class 'int'>;<class 'int'>;False
531;731;-8.608829;5.274155;<class 'int'>;<class 'int'>;False
532;754;-1.809608;8.100441;<class 'int'>;<class 'int'>;False
533;1078;35.36896;1.085546;<class 'int'>;<class 'int'>;False
534;621;2.971307;11.696;<class 'int'>;<class 'int'>;False
535;688;-7.703036;0.3813176;<class 'int'>;<class 'int'>;False
536;646;-5.9305;-20.91875;<class 'int'>;<class 'int'>;False
537;752;10.07738;-20.07635;<class 'int'>;<class 'int'>;False
538;32051;-23.81342;51.41115;<class 'int'>;<class 'int'>;False
539;634;-16.808;55.7257;<class 'int'>;<class 'int'>;False
540;753;-10.02407;59.96717;<class 'int'>;<class 'int'>;False
541;1093;-1.155366;58.56936;<class 'int'>;<class 'int'>;False
542;754;0.4371315;48.07918;<class 'int'>;<class 'int'>;False
543;5745;22.0103;-0.3699871;<class 'int'>;<class 'int'>;False
544;660;21.54473;-0.4998698;<class 'int'>;<class 'int'>;False
545;223;18.48972;5.077255;<class 'int'>;<class 'int'>;False
546;621;16.37187;2.150333;<class 'int'>;<class 'int'>;False
547;223;14.42914;0.6479948;<class 'int'>;<class 'int'>;False
548;619;10.99599;0.7082875;<class 'int'>;<class 'int'>;False
549;176;10.37978;0.4185795;<class 'int'>;<class 'int'>;False
550;663;3.290744;2.107846;<class 'int'>;<class 'int'>;False
551;274;3.450564;10.79927;<class 'int'>;<class 'int'>;False
552;585;6.967463;8.557433;<class 'int'>;<class 'int'>;False
553;584;14.7997;4.410399;<class 'int'>;<class 'int'>;False
554;613;19.92278;8.289806;<class 'int'>;<class 'int'>;False
555;605;21.04908;12.81734;<class 'int'>;<class 'int'>;False
556;586;17.83369;14.95633;<class 'int'>;<class 'int'>;False
557;533;16.9662;16.49372;<class 'int'>;<class 'int'>;False
558;539;15.94656;19.77719;<class 'int'>;<class 'int'>;False
559;171;14.22004;21.485;<class 'int'>;<class 'int'>;False
560;533;10.37848;27.61312;<class 'int'>;<class 'int'>;False
561;645;5.226527;33.49886;<class 'int'>;<class 'int'>;False
562;223;-3.212711;33.45177;<class 'int'>;<class 'int'>;False
563;622;-16.40537;29.5737;<class 'int'>;<class 'int'>;False
564;754;-27.82895;32.88327;<class 'int'>;<class 'int'>;False
565;3816;10.03993;37.71212;<class 'int'>;<class 'int'>;False
566;614;5.436476;46.06587;<class 'int'>;<class 'int'>;False
567;223;3.767092;58.19457;<class 'int'>;<class 'int'>;False
568;614;2.834718;38.47098;<class 'int'>;<class 'int'>;False
569;662;1.937551;26.55623;<class 'int'>;<class 'int'>;False
570;67;-0.7086419;30.13541;<class 'int'>;<class 'int'>;False
571;662;12.3329;18.62938;<class 'int'>;<class 'int'>;False
572;222;16.41631;21.23077;<class 'int'>;<class 'int'>;False
573;619;13.65806;21.64727;<class 'int'>;<class 'int'>;False
574;688;8.09375;19.29959;<class 'int'>;<class 'int'>;False
575;635;5.873716;23.08955;<class 'int'>;<class 'int'>;False
576;740;4.824481;11.49879;<class 'int'>;<class 'int'>;False
577;171;1.177893;11.22093;<class 'int'>;<class 'int'>;False
578;660;6.677849;7.03868;<class 'int'>;<class 'int'>;False
579;753;7.415814;4.347461;<class 'int'>;<class 'int'>;False
580;5012;-2.308645;-8.790359;<class 'int'>;<class 'int'>;False
581;617;11.49048;-8.610908;<class 'int'>;<class 'int'>;False
582;752;14.49918;-7.327027;<class 'int'>;<class 'int'>;False
583;6805;-17.51869;24.04349;<class 'int'>;<class 'int'>;False
584;629;-14.51275;18.58525;<class 'int'>;<class 'int'>;False
585;223;-8.24592;29.27132;<class 'int'>;<class 'int'>;False
586;616;4.346592;18.45387;<class 'int'>;<class 'int'>;False
587;689;-6.554258;24.92326;<class 'int'>;<class 'int'>;False
588;653;-13.61694;14.43143;<class 'int'>;<class 'int'>;False
589;223;-20.59379;10.12236;<class 'int'>;<class 'int'>;False
590;532;-1.793586;7.078887;<class 'int'>;<class 'int'>;False
591;481;9.273327;5.282294;<class 'int'>;<class 'int'>;False
592;228;15.3075;1.807602;<class 'int'>;<class 'int'>;False
593;223;16.7614;0.5451583;<class 'int'>;<class 'int'>;False
594;631;12.38719;2.61628;<class 'int'>;<class 'int'>;False
595;223;11.71246;-1.468493;<class 'int'>;<class 'int'>;False
596;118;12.74803;0.1655717;<class 'int'>;<class 'int'>;False
597;274;12.88074;0.114702;<class 'int'>;<class 'int'>;False
598;274;15.75128;-4.02459;<class 'int'>;<class 'int'>;False
599;533;14.68969;-0.08242645;<class 'int'>;<class 'int'>;False
600;547;4.397512;11.23925;<class 'int'>;<class 'int'>;False
601;326;1.577817;9.582439;<class 'int'>;<class 'int'>;False
602;428;-3.992686;1.07;<class 'int'>;<class 'int'>;False
603;223;-1.531696;-1.713634;<class 'int'>;<class 'int'>;False
604;480;-3.561241;-4.894683;<class 'int'>;<class 'int'>;False
605;171;0.1949265;-0.6699687;<class 'int'>;<class 'int'>;False
606;326;1.65766;1.90331;<class 'int'>;<class 'int'>;False
607;757;7.819601;6.86831;<class 'int'>;<class 'int'>;False
608;753;17.62424;-3.732739;<class 'int'>;<class 'int'>;False
609;503;13.69022;-6.115683;<class 'int'>;<class 'int'>;False
610;662;10.75139;-5.415783;<class 'int'>;<class 'int'>;False
611;223;7.653211;-6.114103;<class 'int'>;<class 'int'>;False
612;533;2.517009;-14.5845;<class 'int'>;<class 'int'>;False
613;623;2.897385;-14.90606;<class 'int'>;<class 'int'>;False
614;274;3.409967;-15.47718;<class 'int'>;<class 'int'>;False
615;119;0.6924078;-11.19888;<class 'int'>;<class 'int'>;False
616;645;1.603489;-12.52264;<class 'int'>;<class 'int'>;False
617;751;-11.43144;-2.490085;<class 'int'>;<class 'int'>;False
618;399;-11.23167;3.664164;<class 'int'>;<class 'int'>;False
619;655;11.55617;-2.190266;<class 'int'>;<class 'int'>;False
620;753;38.6366;2.710267;<class 'int'>;<class 'int'>;False
621;710;17.30402;-1.428653;<class 'int'>;<class 'int'>;False
622;593;6.386006;1.531758;<class 'int'>;<class 'int'>;False
623;646;5.198145;-1.665613;<class 'int'>;<class 'int'>;False
624;534;7.71387;-5.836824;<class 'int'>;<class 'int'>;False
625;650;0.577187;-4.651766;<class 'int'>;<class 'int'>;False
626;66;-3.665288;0.7264823;<class 'int'>;<class 'int'>;False
627;599;-5.834742;2.563264;<class 'int'>;<class 'int'>;False
628;753;-3.926097;4.686135;<class 'int'>;<class 'int'>;False
629;9845;39.90092;-17.00728;<class 'int'>;<class 'int'>;False
630;611;35.45896;-18.42112;<class 'int'>;<class 'int'>;False
631;119;31.4399;-12.8344;<class 'int'>;<class 'int'>;False
632;542;33.00055;-13.24107;<class 'int'>;<class 'int'>;False
633;533;25.11165;-4.763569;<class 'int'>;<class 'int'>;False
634;383;18.95667;-3.173959;<class 'int'>;<class 'int'>;False
635;585;8.606618;4.595901;<class 'int'>;<class 'int'>;False
636;429;8.050008;6.580616;<class 'int'>;<class 'int'>;False
637;222;13.37161;2.448512;<class 'int'>;<class 'int'>;False
638;171;20.29311;-3.894923;<class 'int'>;<class 'int'>;False
639;171;23.86327;-9.216201;<class 'int'>;<class 'int'>;False
640;533;22.84435;-12.46372;<class 'int'>;<class 'int'>;False
641;533;22.07668;-17.99567;<class 'int'>;<class 'int'>;False
642;176;24.69561;-20.98619;<class 'int'>;<class 'int'>;False
643;170;23.35222;-21.53469;<class 'int'>;<class 'int'>;False
644;481;14.39039;-10.35816;<class 'int'>;<class 'int'>;False
645;326;13.89119;-14.97615;<class 'int'>;<class 'int'>;False
646;594;23.92736;-21.59862;<class 'int'>;<class 'int'>;False
647;429;21.86155;-14.97276;<class 'int'>;<class 'int'>;False
648;222;27.57169;-16.6208;<class 'int'>;<class 'int'>;False
649;584;27.45261;-24.67169;<class 'int'>;<class 'int'>;False
650;646;19.32267;-10.64116;<class 'int'>;<class 'int'>;False
651;435;16.01513;-6.498555;<class 'int'>;<class 'int'>;False
652;639;7.446935;-1.526639;<class 'int'>;<class 'int'>;False
653;751;8.230445;-4.007484;<class 'int'>;<class 'int'>;False
654;7029;-2.834946;-0.1173275;<class 'int'>;<class 'int'>;False
655;622;3.081949;0.3555779;<class 'int'>;<class 'int'>;False
656;662;4.112438;4.938446;<class 'int'>;<class 'int'>;False
657;752;14.15696;5.665872;<class 'int'>;<class 'int'>;False
658;68902;74.54205;-15.23429;<class 'int'>;<class 'int'>;False
659;590;61.64873;-12.36415;<class 'int'>;<class 'int'>;False
660;621;28.5409;-0.4593535;<class 'int'>;<class 'int'>;False
661;754;-13.22182;-12.67099;<class 'int'>;<class 'int'>;False
662;49004;46.57731;5.830448;<class 'int'>;<class 'int'>;False
663;596;42.24638;14.83991;<class 'int'>;<class 'int'>;False
664;585;39.96213;10.67104;<class 'int'>;<class 'int'>;False
665;630;29.22345;19.45793;<class 'int'>;<class 'int'>;False
666;662;19.2445;21.03837;<class 'int'>;<class 'int'>;False
667;753;-0.9744138;12.95171;<class 'int'>;<class 'int'>;False
668;5750;42.871;-0.526923;<class 'int'>;<class 'int'>;False
669;663;28.34466;4.031212;<class 'int'>;<class 'int'>;False
670;222;18.55632;9.165398;<class 'int'>;<class 'int'>;False
671;629;5.619751;8.278914;<class 'int'>;<class 'int'>;False
672;222;-3.771738;7.640999;<class 'int'>;<class 'int'>;False
673;660;-14.57109;4.100706;<class 'int'>;<class 'int'>;False
674;223;-16.85287;6.948812;<class 'int'>;<class 'int'>;False
675;631;2.862939;11.30728;<class 'int'>;<class 'int'>;False
676;761;18.08697;5.139391;<class 'int'>;<class 'int'>;False
677;2061;13.55496;0.2229292;<class 'int'>;<class 'int'>;False
678;585;20.34162;-4.913568;<class 'int'>;<class 'int'>;False
679;596;17.47546;-10.11415;<class 'int'>;<class 'int'>;False
680;222;16.82171;-10.77136;<class 'int'>;<class 'int'>;False
681;378;17.54197;-15.77798;<class 'int'>;<class 'int'>;False
682;326;21.83285;-11.33287;<class 'int'>;<class 'int'>;False
683;378;33.51509;-5.763514;<class 'int'>;<class 'int'>;False
684;487;22.63674;0.2928414;<class 'int'>;<class 'int'>;False
685;170;22.4686;3.779294;<class 'int'>;<class 'int'>;False
686;855;19.23775;7.685541;<class 'int'>;<class 'int'>;False
687;327;8.191702;4.326186;<class 'int'>;<class 'int'>;False
688;533;-5.129634;10.63911;<class 'int'>;<class 'int'>;False
689;648;-15.02082;1.742295;<class 'int'>;<class 'int'>;False
690;753;-18.93975;4.937732;<class 'int'>;<class 'int'>;False
691;2925;9.897966;-5.621744;<class 'int'>;<class 'int'>;False
692;653;-1.864186;-6.587184;<class 'int'>;<class 'int'>;False
693;72;-5.843588;-9.373931;<class 'int'>;<class 'int'>;False
694;651;-6.679227;-12.52459;<class 'int'>;<class 'int'>;False
695;697;-7.15202;-7.110502;<class 'int'>;<class 'int'>;False
696;633;-0.1069343;2.786352;<class 'int'>;<class 'int'>;False
697;754;17.79364;-1.535912;<class 'int'>;<class 'int'>;False
698;7981;-30.21181;51.28455;<class 'int'>;<class 'int'>;False
699;662;-21.28099;45.25826;<class 'int'>;<class 'int'>;False
700;222;-20.97947;42.95086;<class 'int'>;<class 'int'>;False
701;591;-15.20667;43.51838;<class 'int'>;<class 'int'>;False
702;634;-0.463183;23.71614;<class 'int'>;<class 'int'>;False
703;171;-6.728208;26.34815;<class 'int'>;<class 'int'>;False
704;599;-7.557261;26.84506;<class 'int'>;<class 'int'>;False
705;662;1.540737;16.55954;<class 'int'>;<class 'int'>;False
706;223;8.665523;15.22423;<class 'int'>;<class 'int'>;False
707;625;4.461605;9.744317;<class 'int'>;<class 'int'>;False
708;119;4.098956;18.91492;<class 'int'>;<class 'int'>;False
709;632;9.145722;13.35981;<class 'int'>;<class 'int'>;False
710;752;11.01272;5.658439;<class 'int'>;<class 'int'>;False
711;4702;34.10645;59.5638;<class 'int'>;<class 'int'>;False
712;612;22.71039;58.45603;<class 'int'>;<class 'int'>;False
713;223;4.939193;56.21601;<class 'int'>;<class 'int'>;False
714;655;-6.416425;54.10014;<class 'int'>;<class 'int'>;False
715;223;-11.03835;51.88161;<class 'int'>;<class 'int'>;False
716;619;-10.02167;37.24829;<class 'int'>;<class 'int'>;False
717;753;-3.599716;20.31121;<class 'int'>;<class 'int'>;False
718;34548;4.43558;-10.67077;<class 'int'>;<class 'int'>;False
719;656;-4.447618;-13.43267;<class 'int'>;<class 'int'>;False
720;754;-25.6318;-9.172175;<class 'int'>;<class 'int'>;False
721;2612;-19.31351;34.81344;<class 'int'>;<class 'int'>;False
722;662;-13.48756;35.82486;<class 'int'>;<class 'int'>;False
723;223;-21.36617;42.23646;<class 'int'>;<class 'int'>;False
724;655;-16.34651;49.89194;<class 'int'>;<class 'int'>;False
725;755;21.09682;29.7252;<class 'int'>;<class 'int'>;False
726;2238;25.52602;32.98193;<class 'int'>;<class 'int'>;False
727;634;14.99063;32.57497;<class 'int'>;<class 'int'>;False
728;754;20.7717;16.88893;<class 'int'>;<class 'int'>;False
729;337;14.6958;18.77382;<class 'int'>;<class 'int'>;False
730;662;8.674591;16.26405;<class 'int'>;<class 'int'>;False
731;751;2.20477;5.660717;<class 'int'>;<class 'int'>;False
732;454;-7.076916;2.916565;<class 'int'>;<class 'int'>;False
733;556;-15.87931;-3.781146;<class 'int'>;<class 'int'>;False
734;661;-11.9663;-0.3993571;<class 'int'>;<class 'int'>;False
735;753;12.52995;-3.050664;<class 'int'>;<class 'int'>;False
736;2009;25.46716;6.585224;<class 'int'>;<class 'int'>;False
737;563;13.71825;20.35892;<class 'int'>;<class 'int'>;False
738;605;8.152813;13.27559;<class 'int'>;<class 'int'>;False
739;377;6.206776;16.28372;<class 'int'>;<class 'int'>;False
740;274;4.372413;13.32487;<class 'int'>;<class 'int'>;False
741;171;4.713991;14.52984;<class 'int'>;<class 'int'>;False
742;274;8.771334;1.245381;<class 'int'>;<class 'int'>;False
743;434;7.700553;8.416593;<class 'int'>;<class 'int'>;False
744;171;10.07743;6.413861;<class 'int'>;<class 'int'>;False
745;637;20.28182;-0.7831948;<class 'int'>;<class 'int'>;False
746;584;13.12829;-0.6573728;<class 'int'>;<class 'int'>;False
747;620;10.85625;4.573699;<class 'int'>;<class 'int'>;False
748;753;11.94708;-1.072024;<class 'int'>;<class 'int'>;False
749;5160;-4.061032;73.19346;<class 'int'>;<class 'int'>;False
750;624;-10.03744;68.85639;<class 'int'>;<class 'int'>;False
751;637;-38.41041;57.50519;<class 'int'>;<class 'int'>;False
752;613;-51.62133;51.26855;<class 'int'>;<class 'int'>;False
753;170;-51.29879;48.03798;<class 'int'>;<class 'int'>;False
754;533;-34.91086;37.90333;<class 'int'>;<class 'int'>;False
755;119;-34.27804;36.78954;<class 'int'>;<class 'int'>;False
756;533;-33.24522;41.45263;<class 'int'>;<class 'int'>;False
757;620;-18.9541;20.5954;<class 'int'>;<class 'int'>;False
758;223;-18.76472;20.6214;<class 'int'>;<class 'int'>;False
759;377;-9.76628;20.29158;<class 'int'>;<class 'int'>;False
760;124;-5.021789;14.66414;<class 'int'>;<class 'int'>;False
761;481;9.717884;10.80709;<class 'int'>;<class 'int'>;False
762;585;22.16529;8.210851;<class 'int'>;<class 'int'>;False
763;659;17.33325;5.678849;<class 'int'>;<class 'int'>;False
764;754;6.667019;7.3502;<class 'int'>;<class 'int'>;False
765;663;10.27534;7.463154;<class 'int'>;<class 'int'>;False
766;325;8.324858;10.82898;<class 'int'>;<class 'int'>;False
767;631;13.31524;6.964588;<class 'int'>;<class 'int'>;False
768;740;20.23343;-5.539182;<class 'int'>;<class 'int'>;False
769;644;13.39447;-0.4249877;<class 'int'>;<class 'int'>;False
770;753;-15.54818;0.1325284;<class 'int'>;<class 'int'>;False
771;5922;-15.71165;4.996905;<class 'int'>;<class 'int'>;False
772;753;-40.83148;8.726948;<class 'int'>;<class 'int'>;False
773;1997;-37.13912;22.44747;<class 'int'>;<class 'int'>;False
774;222;-33.04409;31.87354;<class 'int'>;<class 'int'>;False
775;608;-20.98895;32.3392;<class 'int'>;<class 'int'>;False
776;661;6.31076;19.99968;<class 'int'>;<class 'int'>;False
777;124;8.33645;13.95143;<class 'int'>;<class 'int'>;False
778;170;9.327415;10.99042;<class 'int'>;<class 'int'>;False
779;635;7.10341;12.3054;<class 'int'>;<class 'int'>;False
780;119;7.076096;10.98754;<class 'int'>;<class 'int'>;False
781;619;5.064964;11.97298;<class 'int'>;<class 'int'>;False
782;753;9.837523;4.993193;<class 'int'>;<class 'int'>;False
783;4897;-21.11483;54.88042;<class 'int'>;<class 'int'>;False
784;631;-14.8714;60.2212;<class 'int'>;<class 'int'>;False
785;430;0.4706102;62.0889;<class 'int'>;<class 'int'>;False
786;616;18.16674;60.60579;<class 'int'>;<class 'int'>;False
787;430;23.4647;53.2517;<class 'int'>;<class 'int'>;False
788;615;17.16643;48.47821;<class 'int'>;<class 'int'>;False
789;223;22.12279;37.8179;<class 'int'>;<class 'int'>;False
790;660;17.23667;27.80748;<class 'int'>;<class 'int'>;False
791;753;14.63956;13.93869;<class 'int'>;<class 'int'>;False
792;5939;-2.618994;61.85428;<class 'int'>;<class 'int'>;False
793;627;-14.90344;60.97289;<class 'int'>;<class 'int'>;False
794;745;-19.38274;64.396;<class 'int'>;<class 'int'>;False
795;636;-20.28215;57.41926;<class 'int'>;<class 'int'>;False
796;753;-19.74923;40.94075;<class 'int'>;<class 'int'>;False
